"title","body","rating","review_date","source","curated","reviewer_name","reviewer_email","product_id","product_handle","reply","reply_date","picture_urls","ip_address","location"
"Great Product!","Love this thing. Bought it for my son and my husband keeps joking about stealing it! The blue laser stars are super cool :-)","5","2021-02-20 15:46:29 UTC","web","not-yet","michelle","m@example.com","6062193639587","galaxy-box","","","","",""
"Cool!","This can also be used for kids rooms, gaming rooms, or for a night under the stars when it's rainy out","5","2021-02-20 15:48:25 UTC","web","not-yet","Marina","marina@example.com","6062193639587","galaxy-box","","","","",""
"Great Projector for Kids of All Age","This star projector is so cool. no complaints everything got here within a few days after ordering and it all works great.","4","2021-02-20 15:49:01 UTC","web","not-yet","Robin","Robin@example.com","6062193639587","galaxy-box","","","","",""
"One of the most awesome gifts ever","this star projector is so cool. no complaints everything got here within a few days after ordering and it all works great.","5","2021-02-20 15:49:35 UTC","web","not-yet","Helen","Helen@example.com","6062193639587","galaxy-box","","","","",""
"Works as promised","I have to say I was initially skeptical about this product, but once out of the box and setup, it's pretty danged cool.","5","2021-02-20 15:51:14 UTC","web","not-yet","John Mc","john@example.com","6062193639587","galaxy-box","","","","",""
"Easy to use and beautiful","My daughter wanted one of these for her black and Gray nighttime star Room that we recently decorated.","5","2021-02-20 15:53:04 UTC","web","not-yet","Jess","jess@example.com","6062193639587","galaxy-box","","","","",""
